startdatetime,enddatetime,startdate,enddate,starttime,endtime,OC,EC,TC,SOC,chlorine,nitrate,sulfate,Na,ammonia,potassoium,Mg,Ca,Li,Be,Sc,Ti,V,Cr,Mn,Co,Ni,Cu,Zn,Ga,As,Se,Rb,Sr,Ag,Cd,Cs,Ba,Tl,Pb,Bi
2016/5/4 10:09,2016/5/5 8:37,2016/5/4,2016/5/5,10:09,8:37,6.452272787,1.723142775,8.175415562,2.760268322,0.470091242,2.115886653,2.528763696,0.069270457,1.582891258,0.032275164,0.027903702,0.19407945,0.768626446,0.010386844,,28.08862253,,,21.33717401,0.223317143,1.126972559,12.739464,37.70424323,0.316798738,1.088021895,0.919235682,1.599573955,4.362474424,0.096078306,0.599840233,0.212930299,12.9757647,0.189559901,52.85605172,0.32199216
2016/5/5 8:50,2016/5/6 8:40,2016/5/5,2016/5/6,8:50,8:40,7.063543536,0.814728634,7.87827217,5.317906553,0.16106581,2.812124182,2.668111439,0.118663176,0.528232879,0.035655752,0.044809723,0.433545556,2.114906682,0.088121112,0.340245404,90.70844549,,,51.15430536,1.057453341,2.288701097,10.6283852,610.5079577,0.790642197,1.659614271,0.959540994,3.850403021,8.229532713,0.068538642,0.408784046,0.479770497,18.94114341,0.149316328,50.01362653,0.232541823
2016/5/6 8:50,2016/5/7 9:06,2016/5/6,2016/5/7,8:50,9:06,2.662233784,0.377443353,3.039677137,1.853523928,0.038145018,0.13382811,0.557991097,0.126394405,0.101484437,0.002721429,0.010028774,0.038915471,0.281279441,,,10.13327219,,,6.007840378,0.031253271,0.3269573,15.63865613,22.88701097,0.100972107,0.076931129,0.37023106,0.403888429,1.17560382,0.033657369,0.038465565,0.04327376,2.930595207,,5.346713486,
2016/5/7 9:21,2016/5/8 8:58,2016/5/7,2016/5/8,9:21,8:58,5.121964015,1.758170384,6.880134398,1.35490942,0.90008245,2.338682804,1.35411727,0.120267129,0.656666724,0.036544072,0.024669812,0.197375468,0.466880202,,,11.31381654,,,12.79350564,0.096340359,0.395242499,10.58755845,84.03843638,0.269258953,2.45297376,0.501463921,0.938700935,2.359103667,0.044464781,1.331473169,0.111161953,7.492315624,0.138334875,58.22169039,0.452058608
2016/5/8 9:07,2016/5/9 8:49,2016/5/8,2016/5/9,9:07,8:49,5.8897726,1.654083119,7.543855719,2.345735304,0.160577051,3.066143718,3.773109418,0.098679197,1.216496106,0.067119027,0.021426947,0.146896525,0.573548078,,,13.0094489,,,13.46484115,0.142771625,0.544009121,14.87286476,96.05084125,0.445545932,5.580401259,1.095402982,1.245559346,3.227131032,0.081232131,2.104650673,0.155079523,9.595237806,0.236311655,107.772884,0.664626528
2016/5/9 8:58,2016/5/10 8:30,2016/5/9,2016/5/10,8:58,8:30,5.04150267,1.357028253,6.398530923,2.133934914,0.120975835,2.040475616,2.546524807,0.057498558,1.72431468,0.01151528,0.011216841,0.01908515,0.359456888,,,7.813849036,,,7.811370023,0.027269143,0.18096795,13.1957863,45.11803695,0.176009924,1.212237366,0.647022398,0.602400164,1.115555859,0.076849404,0.468533461,0.076849404,4.720040788,0.064454338,27.08321723,0.161135846
2016/5/10 8:35,2016/5/11 8:31,2016/5/10,2016/5/11,8:35,8:31,5.801735401,2.000246506,7.801981906,1.516008682,0.376443766,9.420763229,10.74420723,0.1769532,4.236466694,0.129403595,0.067976917,0.358621128,0.514329601,,,11.59069788,,,11.94902229,0.13894212,0.53626783,25.10220962,92.67683139,0.407076035,9.523629149,1.277292468,1.133475187,1.923251446,0.07068985,1.76968384,0.143817282,6.657033838,0.282759401,94.85115369,0.572831546
2016/5/11 8:39,2016/5/12 8:29,2016/5/11,2016/5/12,8:39,8:29,6.051537843,2.367324711,8.418862553,0.979309627,0.270482857,19.240592,18.45264239,0.253728275,7.274362148,0.243838218,0.038189757,0.202357394,0.665803955,,,9.872012323,,,14.1067213,0.100360155,0.758820684,13.6538767,89.58979693,0.621743399,5.962861894,2.79294968,1.708570444,1.490715474,0.09056892,2.521242919,0.227646205,4.993529665,0.536070096,98.55367225,0.78574658
2016/5/12 8:39,2016/5/13 8:35,2016/5/12,2016/5/13,8:39,8:35,3.890785614,0.900621195,4.791406808,1.961115293,0.173312012,0.598263642,0.771331896,0.160191116,0.137489495,0.004266351,0.087230249,0.178118247,0.212069551,,,7.341994112,,,6.510778976,0.029250973,0.377825062,12.94355536,33.68737006,0.068252269,0.170630673,,0.32663586,0.979907581,0.026813392,0.156005187,0.019500648,4.451022991,,10.32803089,0.017063067
2016/5/13 8:52,2016/5/14 8:35,2016/5/13,2016/5/14,8:52,8:35,4.840328609,1.24355251,6.083881119,2.1758939,0.161366152,3.221419406,2.263471867,0.099304508,0.777375291,0.019358639,0.025055408,0.246727222,0.62480187,0.012299249,0.054116697,12.67068675,0.661699618,4.518744234,15.7848567,0.147590993,0.826509561,31.78126048,91.36128449,0.578064722,5.401830342,1.751413116,1.284041639,2.759951568,,1.812909363,0.147590993,10.5232378,0.359138083,88.25449409,0.915064156
2016/5/14 8:55,2016/5/15 9:18,2016/5/14,2016/5/15,8:55,9:18,2.972543991,1.387354146,4.359898136,,0.241173569,9.183178108,3.365663288,0.146974529,2.62386859,0.038483704,0.010042262,0.011758566,0.68906734,0.019140759,0.078955633,20.83232406,0.758452593,0.461770822,16.76969787,0.15551867,0.818267466,15.48726698,46.49051209,0.380422594,1.375742085,0.583793163,0.832623036,3.26110689,,0.586185758,0.086133417,11.60647801,0.124414936,34.19018155,0.284718797
2016/5/15 9:48,2016/5/16 8:32,2016/5/15,2016/5/16,9:48,8:32,4.918083201,1.770080191,6.688163392,1.125510662,0.206326582,0.640194086,0.852850754,0.098108246,0.156647396,0.008272635,0.011624879,0.080411759,0.359275142,,0.053891271,12.23845109,0.359275142,2.461034722,16.79354663,0.082120032,0.872525345,9.659368816,77.73430946,0.166806316,0.649261507,0.364407644,0.674924017,2.065832066,,0.415732664,0.069288777,11.34026323,0.084686283,52.24630439,0.384937652
2016/5/16 8:42,2016/5/17 8:40,2016/5/16,2016/5/17,8:42,8:40,5.574556599,1.895553067,7.470109666,1.513145967,0.184917362,2.868856147,2.604178467,0.165453706,1.054087016,0.028449539,0.046139372,0.535379718,0.243419081,,,2.066627997,,2.322218032,9.90228821,0.104670205,0.472233017,5.798242506,36.22319342,0.345655095,1.095385864,0.895782218,0.669402472,0.766770105,,0.640192183,0.082762487,5.715480019,0.163090784,37.47923588,0.435720155
2016/5/17 8:48,2016/5/18 8:30,2016/5/17,2016/5/18,8:48,8:30,6.492662709,2.44505433,8.937717038,1.253891067,0.117171195,3.149016902,6.744236158,0.202891737,2.304739291,0.152741748,0.04768761,0.335210473,0.349544322,,0.022154218,11.62604109,0.475084889,1.085556663,12.70913617,0.086155291,0.65231863,10.1786322,45.68938146,0.270773771,1.969263788,0.952631357,0.787705515,2.328654429,,0.750781819,0.086155291,9.93493581,0.142771625,39.77912852,0.408622236
2016/5/18 8:37,2016/5/19 8:10,2016/5/18,2016/5/19,8:37,8:10,7.402626684,2.823628882,10.22625557,1.35272148,0.19619888,6.376215876,9.541822049,0.065697969,2.654485179,0.119147091,0.034699778,0.357099618,0.636655457,0.002477259,0.064408723,13.12947051,1.996670421,2.184942073,19.81063692,0.17588536,1.558195651,33.1209473,93.27126305,0.418656701,3.113914043,2.043738334,2.001624938,2.655621205,0.039636137,1.644899702,0.282407479,10.18153279,0.374066047,102.5783236,0.696109663
2016/5/19 8:19,2016/5/20 8:47,2016/5/19,2016/5/20,8:19,8:47,6.428974464,2.440814063,8.869788527,1.199288015,0.185748325,9.379137935,9.610906063,0.180384786,3.9761339,0.148155103,0.056253142,0.393206304,0.586573658,0.004768892,0.050073361,14.72872149,2.847028243,3.602897551,19.78136207,0.178833432,1.836023239,15.90425325,58.15901665,0.286133492,2.036316683,1.907556612,1.211298449,3.097395049,,0.972853872,0.162142312,11.30704182,0.250366805,60.64599359,0.650953694
2016/5/20 8:57,2016/5/21 9:17,2016/5/20,2016/5/21,8:57,9:17,6.275997091,2.057703964,8.333701055,1.867162063,0.204667541,10.01472404,11.14259323,0.280427962,5.018776494,0.169382517,0.055667294,0.197980138,0.462719666,,0.009590045,6.924012407,4.8285876,,18.00530927,0.148645696,2.327983396,18.42247622,65.76613031,0.43155202,2.747547859,2.455051491,1.345003795,1.31623366,0.040757691,1.107650184,0.198993431,8.161128197,0.381204284,80.40773134,0.587390249
2016/5/21 9:25,2016/5/22 8:25,2016/5/21,2016/5/22,9:25,8:25,6.403539823,1.919469027,8.32300885,2.290886873,0.099599797,3.563778817,6.616707063,0.226549121,2.430759247,0.121175065,0.054776966,0.338224164,0.801533172,,0.063412434,13.98878304,3.551096331,4.020348346,23.49811172,0.251113241,2.285384138,17.44602897,114.0941886,0.672171805,6.151006144,3.185840708,1.62589482,2.572008342,0.053266445,1.94549349,0.230821261,9.230313962,0.479398005,127.5300152,0.994306973
2016/5/22 8:40,2016/5/23 10:08,2016/5/22,2016/5/23,8:40,10:08,6.193311866,2.498424686,8.691736552,0.840188937,0.672201686,4.447542313,5.410983034,0.219413883,2.553053055,0.202236532,0.051777795,0.222746942,1.0217038,0.004581631,0.169520361,30.15629782,1.919703553,3.186524633,28.19994121,0.375693774,1.644805669,28.42902278,120.0410333,0.838438545,12.41393025,3.614907168,2.217509593,5.353636281,0.068724471,3.598871458,0.279479515,19.99882102,0.49481619,171.0735345,1.489030202
2016/5/23 10:15,2016/5/24 8:08,2016/5/23,2016/5/24,10:15,8:08,4.068316158,1.238911093,5.307227251,1.413826144,0.127875786,4.844439537,4.357907271,0.133418911,2.088154036,0.040649377,0.017824538,0.055318211,0.975730462,0.013329651,0.143960232,22.28451074,1.356958484,3.788286847,24.91311794,0.293252325,1.359624414,24.44391422,111.1452969,0.83177023,4.987955447,1.775509529,1.802168831,4.737358006,0.010663721,1.652876738,0.207942557,16.38480715,0.386559882,114.389734,0.83710209
2016/5/24 8:14,2016/5/25 8:41,2016/5/24,2016/5/25,8:14,8:41,3.009392475,0.581899126,3.591291601,1.762615828,0.021315569,0.507119656,1.523506432,0.119136716,0.331987844,0.005830519,0.014885495,0.155079395,0.45573959,,0.052493565,22.08070246,0.713435275,0.460511733,12.41234214,0.176569265,0.861371687,17.48035727,36.43769259,0.214746404,4.015757752,0.663327781,0.672872065,2.421862221,,0.472442088,0.073968206,10.30544131,0.066809992,30.52023613,0.221904617
2016/5/25 8:49,2016/5/26 8:48,2016/5/25,2016/5/26,8:49,8:48,3.365832959,0.735798582,4.101631541,1.789311449,0.034460406,0.439876943,1.079543155,0.131296394,0.244349391,0.006083366,0.016326408,0.141238015,0.340549891,,0.036487488,10.83678404,0.518122335,,8.465097299,0.12405746,0.415957367,15.61421252,21.53005063,0.133787457,0.299197405,0.308927401,0.666504787,1.838969413,,0.121624961,0.080272474,11.99222117,0.046217485,11.19922643,0.18730244
2016/5/26 9:15,2016/5/27 8:38,2016/5/26,2016/5/27,9:15,8:38,4.786595096,1.423182939,6.209778036,1.737284358,0.070522944,1.169616365,1.052272175,0.109024764,0.287866109,0.012790879,0.020647708,0.214047708,0.232027137,,0.042413563,8.682305782,0.406671219,,6.506739506,0.064867802,0.309369516,13.36027226,26.47354789,0.094806787,0.728515313,0.616244117,0.459064444,1.644149285,,0.129735604,0.059877971,9.894834693,0.069857633,16.7408827,0.147200012
2016/5/27 8:46,2016/5/28 8:43,2016/5/27,2016/5/28,8:46,8:43,6.169933675,2.286954755,8.456888429,1.269906069,0.092726013,2.284453913,4.447275981,0.134573316,1.391852868,0.089741166,0.028664077,0.263457978,0.24602436,,,2.808575115,0.587048224,,7.604832183,0.065768888,0.606535302,7.258936549,29.72022981,0.214357858,1.237429452,1.035251018,0.682047729,0.703970692,,0.616278841,0.099871275,5.295613442,0.168076048,41.28824648,0.277690861
2016/5/28 9:02,2016/5/29 8:40,2016/5/28,2016/5/29,9:02,8:40,5.989065991,1.692337456,7.681403447,2.363064979,0.039990081,2.052001337,6.89631422,0.138826265,1.99270361,0.106155519,0.0250119,0.163141255,0.575165985,,0.07652423,18.48677281,1.120709688,3.102934093,15.93431947,0.180202219,1.098492976,78.25219629,87.98064757,0.251789401,1.851392657,0.782521963,1.061465123,2.91285778,,1.187359824,0.140705842,10.16537995,0.138237318,46.15151615,0.360404437
2016/5/29 8:54,2016/5/30 8:35,2016/5/29,2016/5/30,8:54,8:35,4.674397315,1.363903022,6.038300337,1.752099684,0.20084204,1.725057409,3.53247155,0.195085903,1.147267808,0.059591342,0.023827319,0.17291198,0.953301752,0.009853248,0.088679233,24.79077219,1.564203134,0.305450691,22.14517508,0.226624706,1.000104681,15.48437937,78.70528241,0.300524067,1.179926458,0.933595256,1.896750257,3.41168715,,0.872012456,0.295597443,10.72033392,0.305450691,57.7424971,0.23155133
2016/5/30 8:42,2016/5/31 8:15,2016/5/30,2016/5/31,8:42,8:15,8.196043064,3.036243729,11.23228679,1.690589442,0.109081953,2.046133017,13.01180073,0.250162516,3.655801177,0.207009316,0.051739942,0.252445249,0.805109041,0.009909034,0.061931465,14.07082877,1.194038639,,18.8965285,0.19322617,1.275788172,19.50097959,87.37538761,0.730791283,7.37975333,2.613507809,1.835648613,2.933074167,0.019818069,2.720029928,0.255157634,8.784358948,0.549951406,119.2007287,0.886858574
2016/5/31 8:22,2016/6/1 8:30,2016/5/31,2016/6/1,8:22,8:30,5.01736909,1.247384247,6.264753337,2.344724504,0.160030563,1.679515113,1.623190157,0.157577639,0.457096899,0.102947269,0.03838378,0.396134679,0.570501703,,0.067686643,15.42288503,1.23528123,3.036229404,16.54213202,0.159547087,1.114412226,13.17472154,60.41274605,0.406119857,2.006425482,1.165177208,1.22319433,2.497153642,,1.082986284,0.166799227,9.79280678,0.280416091,58.42082485,0.331181074
2016/6/1 8:37,2016/6/2 9:33,2016/6/1,2016/6/2,8:37,9:33,5.417206947,1.665325825,7.082532772,1.849081038,0.080645696,1.625938903,1.982059066,0.13194706,0.628222743,0.043081787,0.024663369,0.235785772,0.479662506,0.002339817,0.039776891,8.928742057,0.568575556,0.100612135,11.95646539,0.107631587,0.610692263,9.258656268,39.66223968,0.397768907,5.316064453,2.239204966,1.223724344,1.93736856,,1.003781536,0.156767746,11.94008667,0.245680796,65.04691541,0.524119031
2016/6/2 9:40,2016/6/3 9:52,2016/6/2,2016/6/3,9:40,9:52,6.393841878,1.983251664,8.377093542,2.144528295,0.235527407,3.074633116,4.699699906,0.217276847,1.893932967,0.13302202,0.043915712,0.255961068,0.51830494,0.014464324,0.053035854,16.23379285,1.135449426,2.461345783,17.12334877,0.214554138,1.087235013,33.4125882,94.91248269,0.397768907,2.868757573,1.352414284,1.458485993,2.502328034,0.043392972,1.689915175,0.2217863,8.830469739,0.29651864,75.1373412,0.465269085
2016/8/2 9:26,2016/8/4 8:28,2016/8/2,2016/8/4,9:26,8:28,4.162252341,2.292744115,6.454996456,1.351344589,0.178987551,3.89743015,9.584785426,0.145269887,3.144437417,0.181439887,0.058952078,0.215405195,0.285288543,,,5.868261289,,1.966010176,12.09127268,0.101711567,0.676009808,9.913156673,69.85848146,0.272884693,1.946164017,1.679481248,1.169683026,1.141154172,0.084346178,0.862067554,0.193500055,5.875703599,0.20714429,70.63000091,0.40932704
2016/8/4 8:38,2016/8/5 8:18,2016/8/4,2016/8/5,8:38,8:18,3.698547925,2.676835348,6.375383273,0.416743741,0.480191107,7.389174833,16.24334338,0.251541527,6.062192133,0.199272409,0.072611475,0.112221562,0.322921124,,,4.444479288,,,13.7944016,0.064091215,1.718137584,12.78619748,110.0396869,0.340176451,1.693487116,2.62280974,1.557909545,1.094480756,0.192273646,1.079690476,0.248969722,3.949004891,0.308130844,106.6428524,0.510264677
2016/8/5 8:20,2016/8/6 9:30,2016/8/5,2016/8/6,8:20,9:30,3.918478579,2.389907988,6.308386567,0.988447773,0.403817102,11.60015238,13.61657977,0.249845761,6.094946581,0.088738246,0.027978043,0.161493974,0.224857973,,,3.507320753,,1.601823292,10.24378745,0.055634962,2.313487186,7.531583032,39.89490427,0.266584195,2.695977552,1.961132424,0.609666463,0.69543703,0.08113432,0.79048009,0.083452444,3.783177442,0.143723653,54.39940259,0.447397822
2016/8/6 9:36,2016/8/7 8:47,2016/8/6,2016/8/7,9:36,8:47,3.513369904,1.986161815,5.499531719,1.078332516,0.098282425,3.077533548,10.02791547,0.252716593,3.686469274,0.029049916,0.018486402,0.035321007,0.196564851,,,2.789708845,,,6.66052437,0.050401244,0.567013993,9.37463135,46.09193747,0.257046343,5.067845066,1.675841357,0.582134366,0.612375112,0.060481493,1.181909167,0.08064199,3.762452851,0.115922861,69.71500044,0.380529391
2016/8/7 9:04,2016/8/8 8:56,2016/8/7,2016/8/8,9:04,8:56,4.152382953,1.573453799,5.725836753,2.223326217,0.12148618,4.497465628,3.485374125,0.177526857,2.177050182,0.060455826,0.01846842,0.0525031,0.156440956,,,3.490588823,,,6.372524553,0.01222195,0.244438993,6.702517194,25.3972114,0.144219006,1.048643281,0.943534514,0.674651621,0.498655546,0.043999019,0.334881421,0.097775597,2.600830888,0.112441937,30.36665613,0.149107786
2016/8/8 9:01,2016/8/9 8:42,2016/8/8,2016/8/9,9:01,8:42,5.74179968,1.472190219,7.213989899,3.936892246,0.077019556,1.626804103,3.077497819,0.150497302,1.194056045,0.08357808,0.02267796,0.103301769,0.157651969,,,6.577043098,,,7.128824991,0.009853248,0.137945473,5.44638288,13.44968364,0.147798721,0.65770431,1.187316394,0.746383543,0.43846954,0.066509425,0.42615298,0.108385729,2.524894822,0.165041905,40.10271971,0.152725345
2016/8/9 8:50,2016/8/10 8:37,2016/8/9,2016/8/10,8:50,8:37,4.634203819,2.195149177,6.829352996,1.942947609,0.212017053,6.034791904,9.953681421,0.212247973,4.234308595,0.175171807,0.030147286,0.105673942,0.201142287,,,3.951710051,,1.778392171,9.544446809,0.056417959,0.905140291,8.678553793,61.54463388,0.289448657,1.996705141,2.072746737,1.194588948,0.740792325,0.125100691,1.317236684,0.181518649,3.385077511,0.247748427,106.389552,0.490590944
2016/8/10 8:44,2016/8/11 9:19,2016/8/10,2016/8/11,8:44,9:19,4.393976301,2.456553172,6.850529474,1.382238398,0.258829352,5.808899542,19.75875741,0.255886145,6.688552943,0.143339057,0.05937574,0.1027872,0.246805494,,,2.617562116,,,5.901973691,0.066447633,0.503103507,6.599673838,50.07303775,0.360715722,3.597664703,2.199891279,0.617013735,0.802117856,0.056955114,1.597116323,0.085432671,3.33662043,0.180357861,68.72583759,0.605148087
2016/8/11 9:25,2016/8/12 8:38,2016/8/11,2016/8/12,9:25,8:38,4.266007662,3.479610442,7.745618103,,0.323484445,6.80225303,18.77717479,0.324468857,6.567354656,0.214198335,0.058687383,0.14831408,0.329180184,,,3.191288806,,,8.561197607,0.035179562,0.663386019,9.327609486,60.78525686,0.419641914,3.643597455,2.41733845,1.10313054,0.871950563,0.087948904,1.733849824,0.153282376,3.952675033,0.268872364,90.64265339,0.673437323
2016/8/12 8:43,2016/8/13 8:25,2016/8/12,2016/8/13,8:43,8:25,4.060490646,1.605130503,5.665621149,2.092598223,0.085498869,1.180606462,5.6912544,0.190990498,1.989509356,0.012084921,0.019995551,0.066857843,0.219080596,,0.007384739,5.949638219,0.566163339,4.603154104,9.683854677,0.073847392,0.563701759,10.58479286,65.67740891,0.219080596,2.301577052,1.66895106,0.475084889,1.319406738,,0.580932817,0.061539493,7.845054615,0.103386349,31.7273012,0.349544322
2016/8/13 8:42,2016/8/14 8:43,2016/8/13,2016/8/14,8:42,8:43,3.488285544,1.011907906,4.50019345,2.247684922,0.079756208,0.329259539,1.786215184,0.137428361,0.296773894,0.025670918,0.015740316,0.058169097,0.184613355,,0.004858246,3.7019836,0.138460017,0.315786003,7.557001955,0.029149477,0.264774418,3.39591409,13.45977108,0.128743524,0.99594047,0.896346423,0.828330976,1.498768951,,0.233195817,0.138460017,5.256622382,0.184613355,50.54762253,0.527119712
2016/8/14 8:58,2016/8/15 8:38,2016/8/14,2016/8/15,8:58,8:38,5.913548548,2.082126387,7.995674935,3.36085845,0.127442917,2.658914459,2.547461478,0.174093534,1.092632431,0.081855293,0.020559905,0.105428964,0.165158132,,,4.488850129,0.332781311,0.522589911,9.648192974,0.179948413,0.38701234,8.137119317,33.18199428,0.147902805,1.01559926,1.188152533,0.801140193,0.670492716,,0.298270657,0.130647478,6.382006032,0.162693085,37.47364067,0.261294955
2016/8/15 8:46,2016/8/16 8:19,2016/8/15,2016/8/16,8:46,8:19,3.407023279,1.070852827,4.477876106,2.094156095,0.060362534,0.76872637,1.634577791,0.16165918,0.472816544,0.004012121,0.008829586,0.042050654,0.225430531,,0.104044861,3.059414355,0.282407479,1.144493467,7.528388845,0.054499689,0.314611841,4.449156422,35.55113798,0.121385671,1.045403124,0.604451095,0.329475392,0.614360129,,0.222953273,0.05202243,5.610990699,0.076795016,20.87338085,0.22790779
2016/8/16 8:30,2016/8/17 8:08,2016/8/16,2016/8/17,8:30,8:08,3.935007551,1.413295555,5.348303107,2.202305064,0.37085452,1.59206603,3.711589714,0.132361119,1.186589818,0.027594872,0.017945366,0.095117784,0.239446784,,0.054307518,2.944948586,1.039248411,3.646009272,8.629958304,0.120957654,1.078744788,6.953830819,37.74619349,0.333250678,1.049122505,0.87138881,0.441865714,0.631942027,,0.434460143,0.066650136,5.243144004,0.101209465,27.66721186,0.274006113
2016/8/17 8:16,2016/8/19 8:38,2016/8/17,2016/8/19,8:16,8:38,4.353030867,2.600708696,6.953739563,1.164558073,0.385579067,14.72897563,6.451352956,0.151529009,3.945479636,0.120245984,0.033674324,0.050804844,0.340145872,0.003618573,0.018092866,3.61374834,2.003483309,2.5293826,16.07852649,0.11700053,1.506532602,12.37552002,63.60365946,0.483682605,2.188030537,2.295381539,1.148293865,0.581384079,0.089258137,1.061448111,0.183341037,4.956238962,0.320846815,75.81875606,0.436641155
2016/8/19 8:52,2016/8/20 8:43,2016/8/19,2016/8/20,8:52,8:43,4.091278455,1.484944621,5.576223076,2.270734105,0.360636397,5.710530169,3.868096464,0.182431069,2.381234545,0.114743023,0.01853867,0.110695846,0.239717614,,0.024460981,5.219973348,0.450082051,1.406506408,12.19379903,0.066044649,0.496557915,8.845090734,56.87422695,0.249502006,1.802774301,1.21081856,1.115420734,0.689799665,0.019568785,0.523464994,0.207918339,4.062968946,0.190795652,53.42033643,0.359576421
2016/8/20 8:57,2016/8/21 8:27,2016/8/20,2016/8/21,8:57,8:27,6.979250612,3.258369422,10.23762003,2.984484775,0.143241943,5.518530343,7.272486979,0.255770971,3.413807332,0.121232348,0.026846073,0.088281064,0.322728815,0.004965059,0.027307823,4.798729233,0.484093223,1.772525956,15.28989826,0.089371057,0.633044984,13.74824754,62.73599919,0.389757108,2.735747343,1.320705614,0.950808741,1.005424387,,0.861437684,0.163846937,6.352792606,0.201084877,58.39653789,0.511401046
2016/8/21 8:40,2016/8/22 8:45,2016/8/21,2016/8/22,8:40,8:45,6.376642068,2.340214962,8.716857029,3.507534987,0.040131075,4.538396602,8.228000786,0.27386292,3.509183951,0.195991944,0.024029274,0.085938786,0.307644658,0.004844798,0.009689596,5.535181443,0.760633249,0.428764602,15.20055298,0.111430349,1.002873137,21.4333853,113.0800022,0.397273416,2.504760443,2.681595561,1.71021361,1.804687166,0.053292775,1.206354643,0.273731074,6.591347355,0.341558242,106.580706,0.472367782
2016/8/22 8:52,2016/8/23 8:57,2016/8/22,2016/8/23,8:52,8:57,5.642630983,2.72306703,8.365698013,2.304146687,0.20840705,4.574005866,5.637729662,0.221032852,2.51766462,0.069246838,0.05480179,0.201472617,0.511126164,0.009689596,0.075094365,14.17345585,1.870091936,2.650104376,17.57934868,0.181679916,1.329896986,24.00597291,94.47597876,0.462678186,2.550786022,1.184553053,0.968959552,2.335192521,0.031491185,1.538223289,0.133231938,9.643569945,0.208326304,71.04411438,0.811503625
2016/8/23 9:03,2016/8/24 8:51,2016/8/23,2016/8/24,9:03,8:51,8.089425151,2.832453335,10.92187849,4.61683308,0.21268566,11.87521357,9.485306551,0.349177757,5.286918727,0.183822279,0.060768127,0.117582999,0.701053771,0.009804948,0.058829687,9.476482098,1.887452461,5.556954195,22.03171782,0.16913535,1.813915353,22.84307726,157.0286911,0.629967899,3.542037411,2.443883252,1.370241462,1.549181761,0.041671028,1.926672253,0.223062564,9.98388815,0.465735023,116.4533656,1.029519524
2016/8/24 8:58,2016/8/25 8:17,2016/8/24,2016/8/25,8:58,8:17,6.905805031,2.39097459,9.296779621,3.97446657,0.024436677,2.951283416,8.163017872,0.287954682,2.92302173,0.110727595,0.07614454,0.371117803,0.40282987,,0.025020489,6.820585247,0.810663837,2.154264086,13.95642865,0.117596297,0.84819457,13.52107215,85.2222869,0.342780697,2.126741548,1.793969047,0.948276525,1.103403556,0.047538929,0.880721206,0.155127031,7.130839308,0.280229475,65.5561827,0.675553198
2016/8/25 8:21,2016/8/26 8:12,2016/8/25,2016/8/26,8:21,8:12,4.106639951,0.990816497,5.097456448,2.891897428,0.034653056,0.310850147,0.613889087,0.13796534,0.116399175,0,0.023609587,0.271144646,0.457420345,0.004892196,0.061152453,12.07883242,0.484327424,5.567319279,9.018763699,0.132089297,0.550372073,16.15892406,39.23785964,0.107628316,0.222594927,0.026907079,0.315546655,1.788097712,,0.114966611,0.026907079,6.951810804,0.022014883,14.15312361,0.229933222
2016/8/26 8:25,2016/8/27 8:50,2016/8/26,2016/8/27,8:25,8:50,3.823769972,1.065353831,4.889123803,2.517644564,0.010194469,0.369581346,0.580686491,0.213386606,0.128866935,0.001097734,0.014553023,0.068597629,0.298666074,0.004778657,0.0669012,4.735649263,0.188756959,0.733523877,8.580078963,0.038229257,0.344063317,7.170375096,19.97717633,0.131413072,0.468308403,0.35600996,0.499369675,1.206610937,0.0167253,0.193535616,0.0669012,7.550278341,0.090794486,22.89454654,0.360788617
2016/8/27 9:00,2016/8/28 8:10,2016/8/27,2016/8/28,9:00,8:10,3.518749602,0.796001783,4.314751385,2.542850213,0.027364975,0.30885487,0.726514893,0.150139126,0.127449847,0,0.014673789,0.094476462,0.234197175,,,4.563067544,0.737847015,,6.912594044,0.672372535,0.425584114,3.951132989,18.53683233,0.085620473,0.191386939,0.130948958,0.465876101,1.206241365,0.060437981,0.103248217,0.073029227,5.426827018,0.090656971,18.89946022,0.397883373
2016/8/28 8:26,2016/8/29 8:47,2016/8/28,2016/8/29,8:26,8:47,3.580963457,1.148516291,4.729479748,2.172880748,0.020285034,0.365721602,0.799342166,0.230669507,0.186116752,0.029966492,0.018421866,0.10186686,0.174898526,,,3.193694996,0.158127434,0.740323896,5.774047216,0.009583481,0.282712685,4.837261962,23.8413045,0.088647198,0.3378177,0.203648968,0.404902066,0.831366964,0.026354572,0.218024189,0.052709145,3.950789983,0.071876106,20.86802957,0.232399411
2016/8/29 8:54,2016/8/30 8:50,2016/8/29,2016/8/30,8:54,8:50,4.811817487,1.972181823,6.78399931,2.393919591,0.032013564,0.69718068,1.545182625,0.22448808,0.378513663,0.061484777,0.020718398,0.122897392,0.224257456,0.002437581,0.012187905,5.316364263,0.314447955,0.170630673,9.274995882,0.099940823,0.368074738,7.636941419,36.29801937,0.168193092,0.6045201,0.528955087,0.694710598,0.918968055,,0.39488813,0.112128728,4.292580223,0.11700389,37.61675071,0.224257456
2016/8/30 9:02,2016/8/31 8:40,2016/8/30,2016/8/31,9:02,8:40,6.570403285,2.002384013,8.572787299,4.115477458,0.074713979,1.021919376,3.165634591,0.241990322,1.043753655,0.108706174,0.030384508,0.225735032,0.254257925,0.007405571,0.059244565,3.655883366,0.493704708,,11.71067568,0.069118659,0.654158739,13.67808895,67.04509941,0.288817254,2.234013806,1.071339217,0.797333104,0.856577669,0.066650136,0.876325858,0.11848913,4.774124531,0.249320878,60.90588136,0.471487997
2016/8/31 8:47,2016/9/1 8:42,2016/8/31,2016/9/1,8:47,8:42,3.267984336,0.505516327,3.773500663,2.648220555,0.085049553,0.267133652,0.443461051,0.265237771,0.09853736,0.022765765,0.020991154,0.197095326,0.08049623,,0.056103433,2.26365157,0.019514238,,4.354114281,0.004878559,0.273199327,3.554030537,11.61097142,0.063421272,0.265881488,0.258563649,0.1683103,0.348816998,0.012196399,0.197581656,0.017074958,2.658814883,0.039028475,11.20361171,0.009757119
2016/9/1 8:48,2016/9/2 8:00,2016/9/1,2016/9/2,8:48,8:00,3.766364052,1.158071407,4.924435459,2.346566757,0.041491412,0.245712979,0.347438186,0.221106715,0.073023911,0.002403309,0.01475921,0.148848102,0.158421754,0.012573155,0.065380407,8.552260107,0.231346054,,7.548922329,0.042748727,0.339475188,11.25045919,14.13222634,0.0729243,0.155907123,,0.193626589,1.083805971,,0.354562974,0.015087786,5.969734047,0.012573155,11.66788794,
2016/9/2 8:10,2016/9/3 8:35,2016/9/2,2016/9/3,8:10,8:35,2.985991724,1.085360476,4.0713522,1.65533814,0.05742353,0.306343783,0.51840466,0.187455509,0.135969602,0.005379104,0.009335424,0.047010639,0.238932859,0.009557314,0.093183815,14.15199323,0.284330102,,6.811975807,0.0501759,0.463529746,15.6285983,47.83435835,0.083626501,0.191146287,,0.568660204,1.125373765,0.011946643,0.126634415,0.081237172,5.01281138,0.078847843,17.89607113,0.117077101
2016/9/3 8:45,2016/9/4 8:30,2016/9/3,2016/9/4,8:45,8:30,6.286166744,2.717578016,9.00374476,2.954411989,0.530418092,6.386748032,3.825757167,0.378197021,3.158547377,0.211347063,0.027046732,0.136983874,0.540407442,0.002456397,0.076148321,12.43428395,0.297224093,,14.19552093,0.125276271,0.739375636,20.63128228,86.75995835,0.275116516,0.879390291,0.415131171,0.820436752,0.960451408,0.041758757,0.653401725,0.130189065,7.020383946,0.255465336,54.84398613,0.2898549
2016/9/4 8:43,2016/9/5 8:24,2016/9/4,2016/9/5,8:43,8:24,4.653771182,1.892447672,6.546218854,2.333627476,0.08810446,3.888452981,7.055336182,0.362936345,3.473327432,0.131706591,0.023868076,0.110314158,0.953301752,0.027096432,0.066509425,7.404715937,0.386739987,3.39937059,31.56734356,0.214308146,1.076467354,19.0143055,132.3044887,0.69465399,3.591508928,1.675052175,1.36467486,1.581446318,0.140408785,1.761268096,0.24386789,10.74496704,0.389203299,101.9096817,0.652777686
2016/10/11 9:03,2016/10/12 8:38,2016/10/11,2016/10/12,9:03,8:38,5.328571875,3.360780512,8.689352388,1.189218445,1.059015441,13.07820164,5.823884026,0.364975385,5.533879187,0.377129857,0.070809825,0.189795778,0.712442062,,,10.60252319,,2.142273702,29.45750027,0.111319072,1.118138237,14.51600702,123.0941563,0.682756976,5.781170485,6.068126316,3.28514951,1.459516725,0.244901959,2.71865912,0.517015247,5.98649233,0.828708649,223.508907,1.053820551
2016/10/12 8:47,2016/10/13 8:49,2016/10/12,2016/10/13,8:47,8:49,7.769518736,4.016876757,11.78639549,2.822074973,1.784652819,17.91751458,9.040994864,0.504164838,7.460511732,0.548148271,0.078025745,0.300080482,0.820474228,0.004854877,,7.352711355,,5.121895332,32.11015708,0.160210944,2.449285493,21.4998232,131.6399923,0.822901667,5.284533714,7.097830308,2.951765272,1.483164951,0.26701824,2.276937356,0.439366377,7.86247345,0.774352896,217.6732693,1.228283904
2016/10/13 8:54,2016/10/14 8:57,2016/10/13,2016/10/14,8:54,8:57,14.44159476,5.948779276,20.39037404,7.114695602,1.710400788,52.10882798,16.57891249,0.570069921,14.38154703,0.646727129,0.1182158,0.234667557,0.545795174,0.004851513,,4.041310044,,,19.58798236,0.116436304,0.907232867,14.76557878,102.2941444,0.608864839,6.855187386,3.337840709,1.060055516,0.929064674,0.123713573,2.105556494,0.16495143,6.406422465,0.392972525,146.3507308,1.113422155
2016/10/14 9:14,2016/10/15 9:08,2016/10/14,2016/10/15,9:14,9:08,16.4739512,8.257414744,24.73136594,6.303588115,2.257581722,48.17399983,17.99230631,0.562528605,14.5067889,0.676361873,0.128621839,0.240223448,0.739617165,,,5.035743269,,,27.99316714,0.173309633,1.208285467,22.21292475,144.2619618,0.9885972,11.83387463,3.551626979,1.803884768,1.127733102,0.126930999,3.163511041,0.22945219,8.052795465,0.661505781,203.2409385,1.388918042
2016/10/15 9:20,2016/10/16 8:33,2016/10/15,2016/10/16,9:20,8:33,10.80704407,7.529950638,18.33699471,1.532672568,3.446005584,20.39747001,7.555313427,0.564315425,9.115542784,0.744582067,0.097017775,0.157160104,,,,,,0.525180599,,,,0.06030782,,,,0.444770172,,,0.022615432,0,,,,0,
2016/10/16 8:42,2016/10/17 8:34,2016/10/16,2016/10/17,8:42,8:34,5.902370594,4.18052603,10.08289662,0.753365861,1.084901732,20.13674575,9.489773554,0.421351157,8.341820179,0.376700655,0.085009711,0.130404355,0.765094049,,,4.727450129,,1.588853456,29.5477855,0.168662905,0.838425747,28.03226374,140.7235284,0.963089633,15.99608772,2.351503115,1.400635431,1.926179267,0.107553157,2.503055291,0.173551685,10.09777481,0.545098955,147.572709,1.322414953
2016/10/17 8:40,2016/10/18 8:45,2016/10/17,2016/10/18,8:40,8:45,5.015108553,2.583617601,7.598726154,1.832958947,1.007475695,11.30043426,5.603816078,0.369870456,4.936943426,0.338976521,0.076109213,0.249199345,0.421497405,,,3.405892827,,5.150020021,14.58526366,0.125964742,0.959269957,13.69382087,109.8073413,0.554729344,9.180891759,1.388034559,0.73640926,1.756239189,0.060559972,1.7320152,0.08720636,8.740015162,0.293110265,121.5608206,0.896287586
2016/10/18 8:50,2016/10/19 8:33,2016/10/18,2016/10/19,8:50,8:33,8.398485065,4.345997177,12.74448224,3.045675426,2.889749647,28.27075132,17.46493417,0.573962121,12.03167952,0.852380206,0.137204889,0.277611854,0.437853279,,,5.556800885,,1.357837135,16.19073193,0.095934145,1.104472597,11.40878376,54.90384938,0.354218383,2.779630367,2.410652885,1.419333382,1.099552898,0.105773545,0.84618836,0.19924784,5.524822836,0.349298683,96.4556336,0.558385923
2016/10/19 8:43,2016/10/20 9:10,2016/10/19,2016/10/20,8:43,9:10,9.859818666,5.197133395,15.05695206,3.458694918,1.780009081,40.74274557,21.64667612,0.55533163,14.52176043,0.806421846,0.129480727,0.319678991,0.897162754,,,4.881901581,,,26.26587126,0.138392127,1.441186977,20.11219376,162.8254956,0.823194548,5.490349725,5.079945487,3.123367141,1.290864494,0.324505677,2.627064341,0.503461013,6.072551087,0.863757758,242.2387157,1.369604842
2016/10/20 9:19,2016/10/21 11:05,2016/10/20,2016/10/21,9:19,11:05,4.272756414,1.597247822,5.870004236,2.305483268,0.587394385,8.90746641,3.035235766,0.321151241,3.647838999,0.330565545,0.050836337,0.137997214,0.631696132,0.004528288,,4.693570189,,,23.08973892,0.126792055,1.091317333,13.75240971,95.2978144,0.833204935,6.432432661,3.774327788,2.470180934,1.197732094,0.233206816,2.488294085,0.34188572,6.572809579,0.751695756,190.0567626,1.052826887
2016/10/21 11:11,2016/10/22 8:59,2016/10/21,2016/10/22,11:11,8:59,4.747706422,1.473329545,6.221035967,2.933058996,0.59097674,6.764636443,2.199771534,0.325957588,3.124987776,0.098512849,0.013127423,0.040263856,0.46832119,0.010704484,0.085635875,9.425298472,0.588746639,2.033852027,21.64714348,0.144510539,0.703819846,11.713382,93.87832776,0.409446526,2.598513576,1.926807183,1.602996532,1.578911442,0.053522422,1.134675341,0.275640472,11.13533985,0.299725562,78.2738657,0.497758522
2016/10/22 9:13,2016/10/23 8:35,2016/10/22,2016/10/23,9:13,8:35,4.016499817,1.290924469,5.307424286,2.426514213,0.215797671,1.256778004,1.638580925,0.352275146,0.960128679,0.109652815,0.036138234,0.149816904,0.274636449,,0.08988102,5.625053824,0.334557129,0.08988102,9.472460811,0.07490085,0.357027384,8.086795089,47.4372049,0.192245515,1.013658168,0.287119924,0.883830028,0.866353163,0.032457035,0.319576959,0.16478187,11.18519358,0.11984136,30.38727478,0.197238905
2016/10/23 8:49,2016/10/24 8:47,2016/10/23,2016/10/24,8:49,8:47,5.51086194,3.202567479,8.713429419,1.566373856,0.640354462,6.455579506,2.429322427,0.323180628,2.830160373,0.250416997,0.062073084,0.283148158,0.226379745,,0.043815435,1.343673326,0.192301074,,8.346840283,0.034078671,0.737559815,3.283723401,16.99065184,0.194735265,0.951768606,0.610981893,0.479535589,0.136314685,0.02921029,0.304273851,0.073025724,2.704385988,0.099801823,26.50590372,0.085196678
2016/10/24 8:55,2016/10/25 8:45,2016/10/24,2016/10/25,8:55,8:45,8.982511294,6.704857974,15.68736927,0.724376984,1.977503022,12.17436403,4.964482336,0.298127933,4.083392996,0.306449663,0.072270405,0.197015798,0.281497996,0.002447809,0.085673303,4.002167158,0.947301951,2.504108259,13.25488389,0.11015139,0.920376056,17.55078809,89.73666545,0.430814324,3.289854838,1.128439792,0.930167291,0.844493987,0.083225494,1.933768841,0.141972902,6.310450724,0.345141021,90.00837222,0.516487627
2016/10/25 9:05,2016/10/26 8:25,2016/10/25,2016/10/26,9:05,8:25,9.140973451,7.421643489,16.56261694,,2.359997021,20.81587046,10.05305225,0.239528102,6.990317837,0.379644637,0.138262374,0.395500357,0.222523291,,0.082508636,6.165645357,0.260027217,,9.175960447,0.072507589,0.490051294,6.193148236,8.375876702,0.195020413,0.282529572,0.252526432,0.610063855,1.007605466,0.020002094,0.730076417,0.080008374,4.720494094,0.122512823,25.14513194,0.257526955
2016/10/27 8:35,2016/10/28 8:38,2016/10/27,2016/10/28,8:35,8:38,3.935385351,2.008316008,5.94370136,1.461814189,1.217325385,3.051140568,2.605585732,0.276377043,1.743193388,0.356065988,0.020969849,0.071191981,0.431784627,0.012128782,0.082475715,7.803658111,0.405101307,,11.95655295,0.104307522,0.948470725,40.35730805,63.31224019,0.303219541,2.348132127,0.64767694,0.628270889,1.508820437,0.024257563,0.86599501,0.080049959,8.783663668,0.208615044,47.28284237,0.349308911
2016/10/29 8:55,2016/10/30 8:24,2016/10/29,2016/10/30,8:55,8:24,6.656575617,3.653315915,10.30989153,2.15691677,1.555166328,4.887619465,1.726748044,0.258536124,2.049375664,0.229613402,0.039195091,0.235291116,0.578839863,0.002484291,0.09937165,10.57562789,0.558965533,0.968873591,18.756399,0.191290427,0.884407688,19.55882508,101.9801562,0.603682776,11.51717427,0.717960174,1.083150989,2.697940307,0.044717243,2.809733413,0.114277398,12.48853216,0.360222232,119.3478363,0.735350212
2016/10/30 8:37,2016/10/31 8:37,2016/10/30,2016/10/31,8:37,8:37,4.734845133,1.389159292,6.124004425,3.023867204,1.05699721,2.847069993,1.479471986,0.26666511,1.878981257,0.082428949,0.022795254,0.18639813,0.600410067,,0.08021673,4.458105518,0.656318697,1.823107491,18.88010118,0.104524829,0.712227327,9.852072882,80.87304831,0.459423088,1.742890762,2.926695226,2.980173045,0.867799166,0.291697199,1.300483344,0.500746858,9.458281664,0.719519756,160.3386576,0.807028916
2016/10/31 8:44,2016/11/1 8:27,2016/10/31,2016/11/1,8:44,8:27,3.316140026,0.875378578,4.191518604,2.237967468,0.204741505,1.029307784,0.871360823,0.326678693,0.471500517,0.042807814,0.021382214,0.186524517,0.981480103,0.0049197,0.091014446,9.694268387,0.570685173,1.456231131,34.5731901,0.260744088,1.387355334,22.64045832,184.0213697,1.239764341,28.59821474,3.34785569,1.596442574,1.970339756,0.135291744,4.18420465,0.221386489,11.96962953,0.701057217,292.0112394,1.180727944
2016/11/1 8:33,2016/11/2 8:45,2016/11/1,2016/11/2,8:33,8:45,13.41091933,6.207123528,19.61804286,5.765826776,2.905239812,14.12274889,3.627572076,0.353184964,5.627426105,0.583483948,0.126389927,0.714790958,0.802769976,0.016875045,0.106071709,13.37226744,1.29937843,2.249202366,33.4005346,0.238661344,1.468128875,24.38926081,133.3851735,1.472950317,5.879747664,3.481080618,3.293044407,2.174470026,0.18562549,2.444470739,0.501429895,10.57101005,0.812412859,191.2930943,1.169199515
2016/11/2 9:01,2016/11/3 8:37,2016/11/2,2016/11/3,9:01,8:37,17.96411429,5.097120144,23.06123444,11.6861733,3.266679023,22.22117123,8.686149291,0.491599254,8.849523439,0.709962131,0.133710502,0.608801814,1.035772256,0.014832061,0.059328244,5.591686976,0.62789058,5.888328195,39.63868287,0.249673026,1.535118308,27.85213844,146.0463601,1.559838409,7.509966858,3.722847297,2.35335367,1.337357495,0.224952924,3.253165367,0.338665392,10.6840279,0.931947829,224.9553963,1.72299108
2016/11/3 8:42,2016/11/4 8:37,2016/11/3,2016/11/4,8:42,8:37,20.0444883,6.211723351,26.25621165,12.39373031,4.664715898,29.15234406,20.62215852,0.596655355,13.95929802,1.011421485,0.115390086,0.368344161,1.365996637,0.021953517,0.08781407,8.317943809,0.814719423,4.256543093,47.8220787,0.375649075,2.088023431,29.41039546,238.3664132,2.048994956,13.2233353,4.802941748,3.000314043,2.102659109,0.280517167,5.134683788,0.431752509,13.80632316,0.997665401,317.2551583,2.385615556
2016/11/4 8:45,2016/11/5 9:14,2016/11/4,2016/11/5,8:45,9:14,18.22131725,6.454526287,24.67584354,10.27150755,3.747067948,31.74597204,20.38290271,0.602010798,13.98725347,0.992675531,0.060891318,0.242139427,0.793479922,0.026211048,0.066719032,7.937182043,0.66242468,1.577428554,27.53351501,0.221602501,1.127075085,19.82746676,202.9449999,0.974574439,10.73938141,2.818879123,1.865750087,2.096883878,0.154883468,3.55278848,0.274024598,10.25566842,0.571877421,205.3778618,1.005551132
2016/11/5 9:23,2016/11/6 9:20,2016/11/5,2016/11/6,9:23,9:20,15.30755446,3.811591258,19.11914571,10.61295352,2.130668389,23.65279005,13.6238222,0.610317082,10.12486603,0.930460531,0.130265655,0.481960721,0.794098428,0.021922963,0.109614814,13.36082784,0.808713736,0.813585506,25.46717504,0.24115259,1.259352415,13.90890191,103.3545899,0.803841967,4.564848018,1.761144673,1.734349941,2.915754043,0.077948312,1.98524607,0.199742549,14.11595211,0.477433411,109.3249434,0.582176455
2016/11/6 9:30,2016/11/7 9:01,2016/11/6,2016/11/7,9:30,9:01,12.33958387,3.810678009,16.15026187,7.646107742,3.074623955,10.20413046,4.592352602,0.486037161,5.60815797,0.768982626,0.092202647,0.359587858,0.623217942,0.017243184,0.108385729,9.885271143,0.881865704,1.002567993,22.10083546,0.204454898,0.982861497,11.01346805,102.2274489,0.687264054,2.017452546,1.697221983,3.056970219,1.615932686,0.155188657,1.147903402,0.519758837,8.973845695,0.537002021,146.3231974,0.625681254
2016/11/7 9:06,2016/11/8 8:32,2016/11/7,2016/11/8,9:06,8:32,3.903447929,1.433175141,5.336623069,2.138257249,0.070704413,0.767732089,1.5853722,0.324674091,0.658423685,0.01990367,0.026028854,0.313490949,0.211615322,0.007468776,0.072198169,8.721040853,0.323646963,,7.989100799,0.057260617,0.365970027,2.556811007,9.584929285,0.191698586,0.341074107,0.042323064,0.303730227,1.247285603,0.02489592,0.306219819,0.029875104,4.959267308,0.079666945,15.03215663,0.054771024
2016/11/8 8:48,2016/11/9 8:37,2016/11/8,2016/11/9,8:48,8:37,15.66501731,5.317388854,20.98240616,9.115779203,3.438066883,9.951614296,4.732394103,0.304819453,4.466749496,0.508784202,0.096217238,0.426391535,0.749553613,0.012247608,0.115127516,11.42211927,0.800993567,1.925323987,25.26681542,0.27434642,1.2468065,19.23119417,126.6402673,0.952863907,5.374250416,1.188017982,1.731811779,3.377890302,0.073485648,2.488713957,0.178815078,16.12765029,0.492353844,146.1898993,0.952863907
2016/11/9 8:44,2016/11/10 8:25,2016/11/9,2016/11/10,8:44,8:25,19.97125295,6.192996332,26.16424928,12.34356036,4.792127207,24.49191496,14.57812688,0.427820056,9.77340294,0.861950565,0.064928065,0.286117097,1.024737801,0.007389936,0.100995793,8.848216782,1.241509259,1.712001855,49.6480538,0.330083811,1.724318415,35.14407261,273.4769007,1.793291152,10.43705304,4.810848379,3.096383211,2.854978633,0.270964322,3.869863186,0.43846954,14.51629774,1.138050154,307.5469692,2.202200947
2016/11/10 8:30,2016/11/11 8:16,2016/11/10,2016/11/11,8:30,8:16,11.98801028,4.493576934,16.48158721,6.453431916,2.109465772,20.93971046,15.12881588,0.357938859,8.268119955,0.409616708,0.083301637,0.314141296,0.53266445,0.00490935,0.054002847,5.073812983,0.606304696,,18.96972749,0.189009966,0.957323204,15.26316842,96.76328388,0.84440816,6.458249617,2.616683425,1.377072609,1.629904122,0.174281917,2.221480769,0.176736592,9.308127156,0.490934977,138.3233843,0.881228283
2016/11/11 8:20,2016/11/12 8:22,2016/11/11,2016/11/12,8:20,8:22,10.88189952,4.974727824,15.85662735,4.754704783,1.498700558,10.2137147,6.183252378,0.326954837,4.469120093,0.314755251,0.077691567,0.370427247,0.565593181,0.01699207,0.126226804,11.03513563,1.230711343,3.507648699,26.47121734,0.191767645,1.3350912,17.20811185,79.2801429,0.866595561,2.512398895,1.941950837,1.463745443,2.213823954,0.135936559,1.313244253,0.194195084,11.03270819,0.419946868,94.67253072,0.572875497
2016/12/5 8:38,2016/12/6 8:34,2016/12/5,2016/12/6,8:38,8:34,8.641371065,2.469692114,11.11106318,2.648036385,1.137050306,1.739839723,1.306055925,0.276336542,0.935962528,0.134689804,0.040520827,0.512577956,0.577706708,0.012187905,,18.23066865,,,16.8607481,0.202319227,0.728836733,20.87788166,36.24683016,0.606957681,1.296793117,1.282167631,0.872654015,3.090852767,0.02437581,0.614270424,0.121879052,6.944668402,0.253508429,53.39277525,0.346136509
2016/12/6 8:41,2016/12/7 8:31,2016/12/6,2016/12/7,8:41,8:31,25.51535367,6.330800173,31.84615385,10.15206041,5.087851892,14.51229872,3.882632502,0.484596287,5.401564054,0.510834126,0.113490092,0.610403733,0.952197569,0.019582469,0.017134661,14.99038023,,3.796551231,31.27809905,0.337797595,1.26062146,23.25907788,149.536631,1.845647729,4.014406201,2.6289465,1.91663418,3.909150429,0.083225494,2.19078875,0.222750588,13.24998827,0.807776858,166.8230558,1.04031868
2016/12/7 8:43,2016/12/8 9:07,2016/12/7,2016/12/8,8:43,9:07,31.24920209,6.504098361,37.75330045,15.46535679,6.228372779,21.8154995,13.77767162,0.666672219,10.25566132,0.975586117,0.142324913,0.387307327,1.563688261,0.028691528,0.009563843,15.17303625,,6.23562536,55.94369715,0.478192129,2.314449903,35.14233955,280.2444971,3.113030759,9.480158954,6.008484099,4.533261381,4.08376078,0.286915277,4.435231995,0.640777453,13.43719882,1.704754939,364.1959072,2.288149336
2016/12/8 9:13,2016/12/9 8:40,2016/12/8,2016/12/9,9:13,8:40,3.806932468,0.802007661,4.608940129,1.860657343,0.220338154,1.31545278,1.453468884,0.234733788,0.572698476,0.031584071,0.024346191,0.240968534,0.373173388,0.004975645,,14.14327142,,,10.35431762,0.156732823,0.549808792,4.565154451,5.299062115,0.415466372,0.669224276,0.669224276,0.786151938,2.482846944,0.059707742,0.427905485,0.102000726,5.560283487,0.141805888,34.31951262,0.390588146
2016/12/9 8:48,2016/12/10 9:02,2016/12/9,2016/12/10,8:48,9:02,7.854061423,2.509671215,10.36373264,1.763707309,0.876776779,3.852224624,1.568745127,0.201090307,1.549749645,0.085141616,0.024055974,0.105786895,0.450184672,,,8.047953795,,11.44239437,14.56239082,0.21666642,0.719813995,6.954992077,66.61288708,0.876295298,1.461294632,1.00629515,0.804073158,1.882590448,0.038518475,0.734258423,0.098703591,6.897214365,0.317777416,59.77104302,0.529629026
2016/12/10 9:15,2016/12/11 8:27,2016/12/10,2016/12/11,9:15,8:27,16.72097193,5.632438206,22.35341013,3.052431204,3.273462844,11.31765852,3.814108513,0.411971719,4.588083165,0.426663235,0.039642093,0.222243774,0.545674932,0.005029262,,5.851546389,,,18.73903038,0.168480278,0.751874676,10.60419902,65.30496765,1.300064238,3.118142468,2.152524155,1.350356859,1.901061053,0.067895038,1.531410293,0.173509541,9.261386055,0.575850504,111.0008426,1.046086505
2016/12/11 8:39,2016/12/12 8:24,2016/12/11,2016/12/12,8:39,8:24,32.8834653,7.04719143,39.93065673,15.78166684,7.956762658,26.76594662,17.33987344,0.590108266,11.52523855,0.892510266,0.127562442,0.307678779,1.328911027,0.014738385,0.326700862,10.42986362,,1.29697786,36.49715349,0.415131171,2.127240202,34.72854731,279.3169554,2.753621555,7.678698465,4.576268471,2.891179812,3.102429994,0.17440422,3.404566882,0.388110799,10.16948549,1.343649412,265.0256349,1.874231263
2016/12/12 8:32,2016/12/13 8:50,2016/12/12,2016/12/13,8:32,8:50,17.48683492,3.766743144,21.25357806,8.345876744,2.597665587,26.12772221,14.07989166,0.453817256,9.840245136,0.555985429,0.084974115,0.165489304,0.686628797,,,4.323840779,,,19.9914615,0.148849599,1.041947195,15.12744073,141.0710073,1.190796794,5.473823973,3.603600782,2.434411188,1.414071193,0.139246399,2.00466799,0.376925598,5.147315175,0.691430397,136.1541689,1.075558395
2016/12/13 8:58,2016/12/14 8:28,2016/12/13,2016/12/14,8:58,8:28,3.952137074,1.049745811,5.001882885,1.404662457,0.259589819,1.859306907,1.167699055,0.3312623,0.720501229,0.000769094,0.012687087,0.083804345,0.129091526,,,6.618423246,,,6.283281784,0.03972047,0.206049936,5.699887387,20.67946948,0.225910171,0.451820342,0.394722167,0.2283927,0.978116564,0.029790352,0.198602348,0.022342764,3.314176682,0.049650587,16.57584847,0.079440939
2016/12/14 8:33,2016/12/15 8:24,2016/12/14,2016/12/15,8:33,8:24,9.033839817,3.722602549,12.75644237,,1.411724751,5.284770487,2.051053258,0.272160169,2.473044143,0.173728575,0.048664248,0.250773894,0.501450111,,,14.10420165,,1.26218662,16.82915494,0.176119063,0.861026532,9.640072617,76.29379978,1.105636342,3.742530095,1.423629095,1.029807301,2.450990297,0.044029766,1.208372462,0.122304905,7.705209019,0.374253009,97.40851859,0.687353566
2016/12/15 8:30,2016/12/16 8:40,2016/12/15,2016/12/16,8:30,8:40,12.09531889,3.133109551,15.22842844,4.492033434,1.426218248,5.525324312,3.769532488,0.288639244,3.129628708,0.171220624,0.060423632,0.373324806,0.449012515,0.041038778,0.098975877,14.05698858,0.620409766,,12.58200661,0.2003658,0.960790221,11.0466735,56.87491861,0.837673886,4.311485765,0.656620453,0.750768238,2.648208222,0.050694961,1.153913883,0.09173374,7.845648789,0.26313099,99.14727429,0.436942286
2016/12/16 8:46,2016/12/17 9:01,2016/12/16,2016/12/17,8:46,9:01,28.9798741,7.058005656,36.03787976,11.85183217,3.748880367,18.45239991,10.2647743,0.363734586,8.183160683,0.534851297,0.102798261,0.336759095,0.77705728,0.014434501,0.098635754,9.767345371,0.601437523,2.388909841,26.18658974,0.288690011,1.400146553,19.40959174,118.675652,2.162769332,3.94061865,2.167580832,1.57817206,3.394513379,0.122693255,2.018424327,0.202083008,14.35751655,0.810737781,165.7345295,1.024849539
2016/12/17 9:13,2016/12/18 8:41,2016/12/17,2016/12/18,9:13,8:41,36.16619318,7.855654163,44.02184735,17.10245473,6.001089781,37.71932331,22.83699025,0.601059045,13.39089219,0.921166815,0.123106154,0.260264895,2.570581562,0.027346612,0.136733062,8.788206792,0.92978482,3.545115385,35.09067578,0.365450183,1.827250917,24.14954478,181.9544145,3.393465989,9.690645001,5.446947972,3.194581536,3.445673158,0.273466124,3.930454014,0.449976076,14.69507506,1.287776837,295.9176924,2.530804672
2016/12/18 8:52,2016/12/19 8:11,2016/12/18,2016/12/19,8:52,8:11,30.08490262,6.526077413,36.61098003,14.24771957,3.824965524,35.09980089,16.24446895,0.489179049,11.1124147,0.728909839,0.115332322,0.257469538,1.643846114,0.017514342,0.077563515,8.08662198,0.735602371,0.510417971,27.86031428,0.272723328,1.256028538,13.88386923,101.6332255,2.512057075,6.067468534,4.283507682,2.514559124,2.562098053,0.207670057,2.21181121,0.320262257,12.46770957,0.895733499,208.3230918,1.446184253
2016/12/19 8:17,2016/12/20 8:49,2016/12/19,2016/12/20,8:17,8:49,,,,,3.784929683,33.73198294,17.8510759,0.471711047,11.40530344,0.61113371,0.097987337,0.177563082,1.773962854,0.011889831,0.183103405,7.219505665,0.71814582,3.949802012,31.11568894,0.311513584,1.745427259,18.76928795,114.9508906,2.725149372,4.801113945,3.914132518,2.304249338,2.399367989,0.225906798,2.380344259,0.249686461,11.4499077,1.013013641,224.268379,1.543300124
2016/12/20 8:54,2016/12/21 8:41,2016/12/20,2016/12/21,8:54,8:41,38.19816311,8.190088744,46.38825186,18.32283427,4.278688915,40.50982764,27.10257403,0.273416546,15.68587703,0.778378437,0.096481268,0.141114317,1.02165564,0.018601573,0.067251842,4.658978662,0.755510053,6.869704101,28.99699096,0.329104758,2.152058939,23.96311906,137.6802601,2.754463736,4.567401685,3.718883766,1.920254719,1.940287182,0.130211013,2.458269453,0.181723062,9.149112273,0.96585092,216.509435,1.482402301
2016/12/21 8:48,2016/12/22 8:17,2016/12/21,2016/12/22,8:48,8:17,30.45643367,6.438156729,36.8945904,14.83261248,3.233801931,38.71401079,23.25942534,0.595911828,14.00927416,0.744023664,0.108964133,0.211041546,0.931609222,0.007452874,0.074528738,5.234401681,0.601198485,2.002338754,24.43300453,0.260850582,1.527839124,23.00950563,111.8676354,2.300453705,4.58103308,4.156219275,2.444542598,1.577524949,0.191290427,2.052024579,0.303083534,7.673975697,0.84962761,182.1258764,1.08563528
2016/12/22 8:23,2016/12/23 8:58,2016/12/22,2016/12/23,8:23,8:58,3.487361632,0.747646618,4.23500825,1.673007374,0.17758921,1.105380107,2.299641833,0.23040435,1.005277907,0.027295259,0.027142108,0.127963318,0.18747725,0.00474626,0.123402747,10.12377152,0.526834805,2.306682118,5.977913843,0.052208855,0.491237858,4.615737366,6.193868651,0.291894959,0.794998467,0.491237858,0.322745646,1.250639379,0.037970076,0.147134045,0.045089465,4.428260116,0.085432671,16.4956249,0.09492519
2016/12/23 9:03,2016/12/24 8:46,2016/12/23,2016/12/24,9:03,8:46,14.80419654,4.541670035,19.34586658,3.782681606,1.828652403,6.365738918,3.387869248,0.191917876,3.057649733,0.194961445,0.043061649,0.086222065,0.305021385,0.0098394,0.100853845,5.259159049,0.292722136,1.05281575,11.01520777,0.130372044,0.983939953,7.891198423,51.01728657,0.919983856,3.436410286,1.067574849,0.678918568,1.593982724,0.068875797,0.880626258,0.076255346,5.637975931,0.314860785,90.25435204,0.491969977
2016/12/24 8:58,2016/12/25 9:06,2016/12/24,2016/12/25,8:58,9:06,27.66764044,5.207133428,32.87477387,15.0312097,4.02783872,14.48233884,8.479524752,0.411732837,6.883416866,0.536924762,0.077960674,0.174438013,0.865422075,0.021756421,0.145042806,6.872611621,0.800152813,2.639779068,24.28258309,0.290085612,1.513279942,28.95296144,140.4014361,2.405293198,5.593817548,2.279589433,1.655905368,4.012850964,0.147460186,2.325519655,0.195807788,14.43901133,0.790483292,184.2309547,1.380324036
2016/12/25 9:16,2016/12/26 8:29,2016/12/25,2016/12/26,9:16,8:29,16.50645135,3.350735981,19.85718733,8.37504013,2.854402623,15.45385373,9.397549805,0.444004054,7.458571701,0.432978239,0.03837718,0.126916476,0.819181221,0.015076955,0.12061564,7.043450805,1.359438775,5.309600981,21.15548067,0.201026067,1.628311139,18.37880813,126.3951393,1.962516974,4.334624559,4.367291295,1.676054829,2.341953675,0.231179976,1.527798105,0.296513448,7.515862061,0.633232109,133.483821,1.098104888
2016/12/26 8:35,2016/12/27 9:19,2016/12/26,2016/12/27,8:35,9:19,3.932817308,1.054182668,4.986999976,1.37457553,0.231234895,1.694965148,1.603155223,0.156256487,0.820028379,0,0.011465936,0.053211731,0.191057734,0.002358737,0.11086066,7.856954462,0.40806158,1.615735157,7.168203125,0.047174749,0.507128553,9.809989075,23.58737455,0.450518854,0.705262499,0.587325626,0.391550418,1.271359488,0.042457274,0.266537332,0.051892224,5.651534942,0.12029561,29.15635368,0.176905309
2016/12/27 9:26,2016/12/28 8:52,2016/12/27,2016/12/28,9:26,8:52,15.5382243,3.238975818,18.77720012,7.67802748,1.443382468,11.48238844,10.03645829,0.531358627,6.61685712,0.251889767,0.226609213,0.629137776,0.517835141,0.022406328,0.027385512,6.430616193,0.512855957,2.422373037,13.61806836,0.194188178,0.888784352,14.98485438,71.12764407,1.356827652,9.552564588,1.603297262,0.990857625,1.986694434,0.03734388,3.323605349,0.134437969,3.507835159,0.460574524,200.1358131,1.053097425
2016/12/28 8:58,2016/12/29 8:46,2016/12/28,2016/12/29,8:58,8:46,3.466163457,0.744032126,4.210195583,1.66058068,0.199448981,1.046408547,1.281833516,0.351898248,0.734476629,0.026849118,0.022757028,0.18961128,0.426515232,0.019609896,0.046573502,10.0206567,0.487796156,0.91186015,11.80760845,0.151976692,0.83096933,11.04527375,13.40826619,0.600553056,0.769688406,0.701053771,0.578491923,2.355638721,0.014707422,0.262282355,0.08089082,12.08704946,0.181391535,33.30495661,0.352978123
2016/12/29 8:51,2016/12/30 8:53,2016/12/29,2016/12/30,8:51,8:53,31.03996416,4.613945724,35.65390988,19.84305392,3.093446768,14.66129997,17.41646699,0.45629298,10.0511403,0.503917384,0.101490826,0.282901296,0.912716893,0.043693894,0.031556701,7.576035701,0.565593181,3.381421894,22.23776452,0.368970659,1.437043619,22.21591757,131.1302302,2.762425065,11.60801113,3.386276771,2.102161781,2.529390965,0.104379857,2.908071378,0.378680413,9.634503588,0.970975418,226.2105706,1.36907534
2016/12/30 8:57,2016/12/31 9:31,2016/12/30,2016/12/31,8:57,9:31,40.69138295,8.095993367,48.78737631,21.04440042,4.291137091,22.69088942,22.49850789,0.709858935,13.47184688,0.847161396,0.127832509,0.321240554,1.235703,0.028516223,0.028516223,7.571057227,0.641615019,3.699979945,29.77806595,0.3707109,1.708597033,29.21962325,169.8616355,3.41006501,16.02849372,5.320651956,2.559331021,3.060741277,0.142581115,4.515068654,0.38259266,14.05136892,1.22382124,304.4320685,1.825038277
2016/12/31 9:35,2017/1/1 9:34,2016/12/31,2017/1/1,9:35,9:34,39.24683439,11.32977055,50.57660494,11.75227085,4.241954313,22.51186407,26.55397236,0.663292035,14.94381046,0.91612965,0.136403207,0.213549749,1.220303777,0.025541242,0.034054989,8.349148169,0.624341467,1.30544125,31.24829044,0.42852528,1.6204499,27.14182634,167.2099966,4.140519095,17.69724269,6.362607136,2.270332609,4.34484903,0.136219957,4.796077636,0.272439913,17.98954801,1.291251671,351.7000623,2.661964984
2017/1/1 9:41,2017/1/2 9:18,2017/1/1,2017/1/2,9:41,9:18,35.7089576,8.568495076,44.27745268,14.91532976,3.57817975,24.26877051,25.71266547,0.725153905,14.29701333,0.852918144,0.116712947,0.129040983,1.205489622,0.029643187,,3.784446929,0.370539843,0.607685342,23.56880428,0.33842639,1.329002903,20.79963652,132.8261824,3.725160554,9.62662512,4.735499193,2.196066136,3.665874179,0.098810625,3.46825293,0.264318421,12.22781482,1.188197763,277.8530066,2.173833745
2017/1/2 9:24,2017/1/3 8:25,2017/1/2,2017/1/3,9:24,8:25,29.81114109,6.937450738,36.74859182,12.97565627,2.813304364,21.26113078,15.67375015,0.608461234,11.26763224,0.642038735,0.104602639,0.167989222,0.991052321,0.032950589,0.015207964,5.586392113,0.359921815,2.643651077,19.95031412,0.276278013,1.254657031,24.31753445,135.2494933,3.330544118,5.109875907,2.724760218,1.766658486,2.777988092,0.096317105,3.196207103,0.245862085,11.98134098,0.970775036,228.1929653,1.546143008
2017/1/3 8:30,2017/1/4 8:30,2017/1/3,2017/1/4,8:30,8:30,30.35287611,9.301769912,39.65464602,7.779770788,4.154821459,33.77235324,24.63334226,0.668832915,15.23970491,0.874003297,0.13104088,0.19427299,1.174081224,0.01215405,0.03403134,5.391536554,0.425391748,1.439039513,24.79669269,0.415668508,1.553287582,30.81294741,185.2520292,3.677815512,16.55138521,3.962220281,2.0929274,4.08376078,0.126402119,5.911729891,0.267389099,17.73032805,1.120603405,348.4298729,1.879016121
